<?xml version="1.0" encoding="UTF-8"?>
<!DOCTYPE hibernate-mapping PUBLIC 
    "-//Hibernate/Hibernate Mapping DTD 3.0//EN"
    "http://hibernate.sourceforge.net/hibernate-mapping-3.0.dtd">
<hibernate-mapping>
  <class name="com.cognizant.entities.Customer" table="Hier_Customer" discriminator-value="CustomerObj">
	   <id name="customerId" type="int" column="Customer_Id" >
	   <generator class="assigned"/>
	  </id>
     <discriminator type="string" column="ObjectName" ></discriminator>
	  <property name="name">
		 <column name="Name" />
	  </property>
	  <subclass name="com.cognizant.entities.NewCustomer" discriminator-value="NewCustomerObj">
</subclass>

<subclass name="com.cognizant.entities.ExistingCustomer" discriminator-value="ExistingCustomerObj">

<property name="points">
<column name="Points"></column>
</property>
 </subclass>
	  
	  	  
   </class>  
</hibernate-mapping>